INSERT INTO User (user_id, first_name, last_name, email, password_hash, phone_number, role) VALUES
('08af1849-05b9-468f-88fd-8792aa12b84a', 'Carol', 'Davis', 'carol.davis6776@example.com', 'hash9741', '8623902139', 'host'),
('4cc43a43-f351-4aba-9b16-6c094a3e08f7', 'Ian', 'Thomas', 'ian.thomas3250@example.com', 'hash7732', '2729384494', 'host'),
('a6162715-dbd7-4b65-b5d1-fe22656443c9', 'David', 'Brown', 'david.brown8411@example.com', 'hash1784', '6519874189', 'guest'),
('5ba501e2-567f-4b48-b9fd-01b2e9d8898a', 'Eva', 'Brown', 'eva.brown376@example.com', 'hash3237', '7097455861', 'guest'),
('f4e161b7-f13f-46d7-b327-65d648bf4f9c', 'Frank', 'Smith', 'frank.smith1626@example.com', 'hash3078', '8917203682', 'guest'),
('9d0b3b0a-83dc-420f-9ccb-a4c17c6cd063', 'Eva', 'Jackson', 'eva.jackson1478@example.com', 'hash6160', '5698305343', 'guest'),
('de6291ee-f332-442f-a102-46f5ed20139b', 'Jane', 'Smith', 'jane.smith8969@example.com', 'hash2334', '5236310601', 'guest'),
('611661e1-638c-4dc7-86ad-59b8b5a26654', 'Bob', 'Taylor', 'bob.taylor8724@example.com', 'hash5489', '1476996281', 'guest'),
('bcfb92a5-2d3d-4ddb-83e2-ade8c5645c8a', 'Hannah', 'White', 'hannah.white7414@example.com', 'hash3199', '6731977501', 'host'),
('43d9272f-321f-43d0-a70d-2c55183276a5', 'Jane', 'Davis', 'jane.davis8499@example.com', 'hash8659', '9447616158', 'host'),
('782037b1-8034-4aad-b728-d9923a5743d9', 'Alice', 'Smith', 'alice.smith3613@example.com', 'hash7218', '9905615223', 'guest'),
('4d89d87e-61bb-47c9-901d-dabe86451bbf', 'Bob', 'White', 'bob.white6591@example.com', 'hash3995', '3725032341', 'host'),
('e5210964-fabf-47d4-afc5-f8b7edf55470', 'Jane', 'Johnson', 'jane.johnson2702@example.com', 'hash6102', '5214390213', 'guest'),
('57d5f53a-0dae-4ea6-aac9-55624fdbfabb', 'Grace', 'Anderson', 'grace.anderson9748@example.com', 'hash8249', '1760109436', 'guest'),
('77d43b50-533a-433a-a701-8805f4c6774b', 'Grace', 'White', 'grace.white3776@example.com', 'hash7743', '8429518826', 'guest'),
('e6cbc550-9876-4595-a2c5-a0c467a13ba6', 'Alice', 'Johnson', 'alice.johnson959@example.com', 'hash8882', '1397215963', 'host'),
('4c6a8bbb-4976-4b53-9074-b40455090d60', 'Grace', 'Davis', 'grace.davis2286@example.com', 'hash6362', '5268390222', 'host'),
('c552719f-961b-44dc-b60a-c77732e34e8a', 'Grace', 'Brown', 'grace.brown9068@example.com', 'hash7274', '2566167512', 'host'),
('9515af46-2b4c-44e5-9bf7-74a07ae072a9', 'Frank', 'Wilson', 'frank.wilson5915@example.com', 'hash6160', '9042363675', 'host'),
('8ec980ae-494e-47ce-a6d7-bcbac19eac0d', 'Grace', 'Jackson', 'grace.jackson5890@example.com', 'hash2622', '7421616004', 'host'),
('d9b088bd-5aee-4f67-a208-053473cdaa9a', 'Jane', 'Smith', 'jane.smith4213@example.com', 'hash2509', '3028722153', 'guest'),
('5c95bf72-7d46-4360-86a4-62d2cb7650c4', 'David', 'Jackson', 'david.jackson7100@example.com', 'hash8619', '5689783590', 'guest'),
('d69a2193-a19c-4854-8fbf-0dd283c16186', 'Bob', 'Anderson', 'bob.anderson4577@example.com', 'hash4070', '1945638204', 'host'),
('c1b17457-a1e1-4714-903b-bbcd653f323f', 'Alice', 'Taylor', 'alice.taylor339@example.com', 'hash3741', '4759788334', 'host'),
('f0107b93-3d49-4889-b823-4f98b03926a9', 'Bob', 'Thomas', 'bob.thomas2623@example.com', 'hash6770', '7848473396', 'guest'),
('b2161af7-99f8-4f8c-bdd3-d8e8524af3d5', 'Grace', 'Jackson', 'grace.jackson3270@example.com', 'hash7561', '3207110046', 'host'),
('811f1e6c-9e2a-4681-bb4b-a58a7f8b13a5', 'Grace', 'Brown', 'grace.brown1619@example.com', 'hash2782', '8222455092', 'guest'),
('245e9886-2ada-401a-9c2e-df50704a69ad', 'Jane', 'Taylor', 'jane.taylor7003@example.com', 'hash6832', '9552942152', 'host'),
('ba68c772-1ecc-48a0-9205-d4f8d20a9389', 'Bob', 'Smith', 'bob.smith3720@example.com', 'hash1927', '6117121698', 'guest'),
('1d549f8b-df53-4880-b148-ff9403ca210d', 'Ian', 'Smith', 'ian.smith8858@example.com', 'hash5866', '4843234515', 'guest'),
('718b2c96-ffb5-4313-baf0-db25fdc18ad0', 'David', 'Anderson', 'david.anderson7310@example.com', 'hash8449', '2857820856', 'host'),
('08dc82f2-cded-4300-8c7d-0a48344d7e13', 'Grace', 'Anderson', 'grace.anderson1158@example.com', 'hash4800', '8137482969', 'guest'),
('1cc313b1-cc22-41c8-b336-2b7cb8204a6b', 'Jane', 'Smith', 'jane.smith8076@example.com', 'hash2335', '3921712080', 'host'),
('81093fad-03de-4d1f-9388-29ca885a54f0', 'Alice', 'White', 'alice.white8846@example.com', 'hash9601', '5604671971', 'host'),
('466dd750-9209-4f6f-8ea3-1f376f18785e', 'Grace', 'Wilson', 'grace.wilson5156@example.com', 'hash5393', '8691893910', 'host'),
('c9c6768e-ae9f-495e-bcac-6ece86fe2b4a', 'Frank', 'Davis', 'frank.davis2306@example.com', 'hash8464', '1556705140', 'guest'),
('aa4cc6a7-0217-47e1-ba18-bbfec764b0a8', 'Eva', 'Brown', 'eva.brown6402@example.com', 'hash9289', '9651681865', 'guest'),
('cc520313-3c01-4133-8976-884e052ebfda', 'Frank', 'Johnson', 'frank.johnson5688@example.com', 'hash9035', '1880646809', 'host'),
('e125bf6e-c277-43bd-b3f3-89c73508f6d0', 'Eva', 'Davis', 'eva.davis8996@example.com', 'hash6363', '9965555415', 'guest'),
('1b65a8c0-47f1-4c3e-a817-ff3e2903ff89', 'Frank', 'Taylor', 'frank.taylor1588@example.com', 'hash2330', '9455125657', 'guest'),
('513ae633-4ebe-44cf-9eac-a74ec2c2b9ed', 'Bob', 'White', 'bob.white1120@example.com', 'hash3179', '9333632913', 'host'),
('f2385b0c-f522-4d76-9e48-e26d5284b664', 'Hannah', 'Wilson', 'hannah.wilson3435@example.com', 'hash1938', '9963126613', 'guest'),
('f3ec588e-a25a-45eb-b791-865e0e6f5b81', 'Frank', 'Taylor', 'frank.taylor6647@example.com', 'hash6528', '4354099834', 'host'),
('340684c3-822f-4b80-bafa-bf525c00df69', 'Ian', 'Smith', 'ian.smith8846@example.com', 'hash8240', '6445060542', 'host'),
('4be2864d-de20-4089-952a-35e126bbc98f', 'Frank', 'Wilson', 'frank.wilson7303@example.com', 'hash6902', '7710901845', 'guest'),
('cdeeab98-df1e-4131-827b-ca7826e081df', 'Frank', 'Jackson', 'frank.jackson3515@example.com', 'hash9018', '9341400251', 'guest'),
('90c35b58-ca5d-47d9-a763-3cb56fb45151', 'Eva', 'Smith', 'eva.smith9049@example.com', 'hash1104', '6579034444', 'guest'),
('f4cb4b99-115f-46f6-8827-12b692389bb9', 'Hannah', 'Wilson', 'hannah.wilson2459@example.com', 'hash5210', '2763913724', 'host'),
('4ba035d6-e3d6-4222-8fd7-6b5cfee442f1', 'David', 'Brown', 'david.brown2535@example.com', 'hash4527', '3601778116', 'guest'),
('187fd0f1-4056-47e5-92c1-ae512d1a7ade', 'Carol', 'Johnson', 'carol.johnson3245@example.com', 'hash8526', '5893592264', 'guest'),
('d1900ff1-64d9-4831-95b9-2e68581b18e3', 'Carol', 'Thomas', 'carol.thomas7114@example.com', 'hash9381', '9655845091', 'host'),
('4b82675d-eeda-4ec3-9af1-dd2bb9e08f82', 'Grace', 'Taylor', 'grace.taylor8162@example.com', 'hash2027', '1883777026', 'host'),
('cb9aad3e-a952-47db-b446-440639bf88e2', 'Eva', 'Taylor', 'eva.taylor7497@example.com', 'hash4372', '9252843656', 'host'),
('f9f59aeb-3df7-4c69-96a6-299814c7554a', 'Eva', 'Wilson', 'eva.wilson3065@example.com', 'hash6611', '5138933276', 'host'),
('ec585206-4686-4b20-9196-6c41213cf2ba', 'Ian', 'White', 'ian.white7407@example.com', 'hash5275', '7617961934', 'host'),
('fc33f0ee-97da-4a06-9570-1cec98c5ff8f', 'Hannah', 'Johnson', 'hannah.johnson6208@example.com', 'hash3827', '6335460533', 'host'),
('fe1ed123-2a89-472a-8fec-bb40f9913644', 'Grace', 'Johnson', 'grace.johnson197@example.com', 'hash4473', '7562810647', 'guest'),
('39082107-9d10-4886-8f6f-136a389abca7', 'David', 'Smith', 'david.smith6632@example.com', 'hash8831', '8545923068', 'host'),
('cdc40de8-e7f2-414e-87a3-afecf7f0e515', 'Grace', 'Anderson', 'grace.anderson2390@example.com', 'hash7176', '8823834930', 'guest'),
('9d560890-51eb-4ac8-8dde-ea545e53188c', 'Alice', 'Anderson', 'alice.anderson5359@example.com', 'hash5278', '7365606033', 'guest');

INSERT INTO Property (property_id, host_id, name, description, location, pricepernight) VALUES
('a4b932ed-39c4-4263-91aa-c42c204319e8', 'f3ec588e-a25a-45eb-b791-865e0e6f5b81', 'Mountain Cabin', 'Mountain Cabin - Peaceful and quiet.', 'Rome, Italy', 227.74),
('e50c5475-022e-4461-ac49-a6f64100b41f', '9515af46-2b4c-44e5-9bf7-74a07ae072a9', 'Downtown Loft', 'Downtown Loft - Great view.', 'Rome, Italy', 95.97),
('7a125ffb-98d2-4009-945a-d11a17095bf8', 'ec585206-4686-4b20-9196-6c41213cf2ba', 'Downtown Loft', 'Downtown Loft - Great view.', 'Berlin, Germany', 254.07),
('0e99ead4-6378-4ef8-9385-41269dc58634', 'fc33f0ee-97da-4a06-9570-1cec98c5ff8f', 'Mountain Cabin', 'Mountain Cabin - Peaceful and quiet.', 'Barcelona, Spain', 285.43),
('1c77af79-f704-4e05-9963-5fbcde91662f', 'f3ec588e-a25a-45eb-b791-865e0e6f5b81', 'Modern Studio', 'Modern Studio - Close to city center.', 'Zermatt, Switzerland', 190.5),
('c4799577-1e9f-4c8b-84e0-c6ad9e3dfd0f', 'cc520313-3c01-4133-8976-884e052ebfda', 'Mountain Cabin', 'Mountain Cabin - Great view.', 'Rome, Italy', 270.52),
('284235f9-074a-4386-aef9-ba7e5c5cef40', '718b2c96-ffb5-4313-baf0-db25fdc18ad0', 'Mountain Cabin', 'Mountain Cabin - Great view.', 'Berlin, Germany', 240.52),
('195e39ab-5f42-4b34-9094-d4eb3f1bc887', 'fc33f0ee-97da-4a06-9570-1cec98c5ff8f', 'Downtown Loft', 'Downtown Loft - Peaceful and quiet.', 'Rome, Italy', 223.8),
('0f9a4cdc-6eed-41cf-970d-8dd48d4d3f06', '43d9272f-321f-43d0-a70d-2c55183276a5', 'Downtown Loft', 'Downtown Loft - Great view.', 'Zermatt, Switzerland', 200.42),
('00a6a966-50f3-4fbd-80d4-7f355aa44e69', 'cb9aad3e-a952-47db-b446-440639bf88e2', 'Modern Studio', 'Modern Studio - Great view.', 'Barcelona, Spain', 61.33),
('bf4796af-97c5-4fcf-be5a-7b5bbb944d9b', 'd1900ff1-64d9-4831-95b9-2e68581b18e3', 'Downtown Loft', 'Downtown Loft - Peaceful and quiet.', 'Rome, Italy', 145.35),
('3d321f99-4201-4aaa-864d-0b5a7a2876a5', '718b2c96-ffb5-4313-baf0-db25fdc18ad0', 'Countryside House', 'Countryside House - Great view.', 'Rome, Italy', 168.11),
('b9141af3-30f7-4347-9dc7-1ba551ea12a1', 'cb9aad3e-a952-47db-b446-440639bf88e2', 'Mountain Cabin', 'Mountain Cabin - Close to city center.', 'Paris, France', 63.5),
('c853f4fb-ef25-47d7-8b0b-3276d6b75002', 'd69a2193-a19c-4854-8fbf-0dd283c16186', 'Countryside House', 'Countryside House - Great view.', 'Rome, Italy', 85.16),
('a52ffa8d-1da9-47eb-80db-1dedf8a63079', 'c1b17457-a1e1-4714-903b-bbcd653f323f', 'Modern Studio', 'Modern Studio - Peaceful and quiet.', 'Rome, Italy', 92.44),
('fcc59a2a-ff73-4dc8-9ada-ba73e311c2d4', 'c552719f-961b-44dc-b60a-c77732e34e8a', 'Downtown Loft', 'Downtown Loft - Great view.', 'Paris, France', 170.84),
('ebd1593c-0291-4638-a5fc-acf9df668ecb', '4cc43a43-f351-4aba-9b16-6c094a3e08f7', 'Mountain Cabin', 'Mountain Cabin - Great view.', 'Barcelona, Spain', 55.57),
('6153d65f-ec15-4f45-958c-660d14ccede9', 'f4cb4b99-115f-46f6-8827-12b692389bb9', 'Downtown Loft', 'Downtown Loft - Peaceful and quiet.', 'Rome, Italy', 174.81),
('61516bd0-9c9a-4e75-8606-0fe9fb146d58', 'c552719f-961b-44dc-b60a-c77732e34e8a', 'Sea View Apartment', 'Sea View Apartment - Peaceful and quiet.', 'Rome, Italy', 184.05),
('25f812f2-27cc-4211-a603-c7f36f858c17', '4b82675d-eeda-4ec3-9af1-dd2bb9e08f82', 'Downtown Loft', 'Downtown Loft - Close to city center.', 'Zermatt, Switzerland', 222.31),
('3ae05982-758a-4c61-94bd-f0ffd9347f3b', 'ec585206-4686-4b20-9196-6c41213cf2ba', 'Countryside House', 'Countryside House - Great view.', 'Rome, Italy', 173.58),
('a9b25a46-c12a-4237-8b70-eab2b4dc79f8', '466dd750-9209-4f6f-8ea3-1f376f18785e', 'Modern Studio', 'Modern Studio - Close to city center.', 'Zermatt, Switzerland', 196.03),
('8bd215a1-9eab-431a-abca-5ff30707cbe7', 'ec585206-4686-4b20-9196-6c41213cf2ba', 'Downtown Loft', 'Downtown Loft - Great view.', 'Zermatt, Switzerland', 101.91),
('8c045863-9810-4ac6-bf61-0494a5513896', 'fc33f0ee-97da-4a06-9570-1cec98c5ff8f', 'Sea View Apartment', 'Sea View Apartment - Peaceful and quiet.', 'Rome, Italy', 247.94),
('217f83d7-eb34-4cc1-8772-fd608f063d9c', 'f4cb4b99-115f-46f6-8827-12b692389bb9', 'Mountain Cabin', 'Mountain Cabin - Peaceful and quiet.', 'Paris, France', 259.89),
('cb78d15c-5e24-4f31-8899-3af39a90d8a4', '39082107-9d10-4886-8f6f-136a389abca7', 'Countryside House', 'Countryside House - Peaceful and quiet.', 'Zermatt, Switzerland', 213.32),
('8de4d38e-676e-429f-b38b-170bc3d292b4', '718b2c96-ffb5-4313-baf0-db25fdc18ad0', 'Mountain Cabin', 'Mountain Cabin - Peaceful and quiet.', 'Rome, Italy', 67.47),
('e2b756bc-482a-419b-8032-fd7d44c00fc0', '718b2c96-ffb5-4313-baf0-db25fdc18ad0', 'Countryside House', 'Countryside House - Close to city center.', 'Berlin, Germany', 116.88),
('5ff5cde0-5ce1-4c26-b4d4-65ea63cee5ef', '245e9886-2ada-401a-9c2e-df50704a69ad', 'Countryside House', 'Countryside House - Close to city center.', 'Zermatt, Switzerland', 248.69),
('435a146d-c1ea-41fd-8d81-2ffb4f5283d4', '245e9886-2ada-401a-9c2e-df50704a69ad', 'Sea View Apartment', 'Sea View Apartment - Close to city center.', 'Berlin, Germany', 237.44);

INSERT INTO Booking (booking_id, property_id, user_id, start_date, end_date, total_price, status) VALUES
('fec320c3-773b-4f98-a7e2-263d908e6a83', '195e39ab-5f42-4b34-9094-d4eb3f1bc887', 'aa4cc6a7-0217-47e1-ba18-bbfec764b0a8', '2025-08-11', '2025-08-19', 1758.89, 'confirmed'),
('e9762be2-edff-4d0f-9972-9fdef7f7561a', '217f83d7-eb34-4cc1-8772-fd608f063d9c', '611661e1-638c-4dc7-86ad-59b8b5a26654', '2025-05-22', '2025-05-31', 1734.09, 'confirmed'),
('93e4190e-b993-4ea0-b010-ad51ec4c6298', '217f83d7-eb34-4cc1-8772-fd608f063d9c', 'f4e161b7-f13f-46d7-b327-65d648bf4f9c', '2025-03-31', '2025-04-05', 1804.02, 'pending'),
('197488ae-832a-46cd-bbcc-dc703b798708', '0e99ead4-6378-4ef8-9385-41269dc58634', 'aa4cc6a7-0217-47e1-ba18-bbfec764b0a8', '2025-03-27', '2025-04-01', 1598.44, 'canceled'),
('8ca445ba-bcd3-4d8a-b223-b00bf66ba9e0', '195e39ab-5f42-4b34-9094-d4eb3f1bc887', 'd9b088bd-5aee-4f67-a208-053473cdaa9a', '2025-03-30', '2025-04-04', 278.85, 'confirmed'),
('246cbdb6-2502-499c-bdcf-9f1f557690e4', '3ae05982-758a-4c61-94bd-f0ffd9347f3b', 'fe1ed123-2a89-472a-8fec-bb40f9913644', '2025-08-14', '2025-08-20', 365.35, 'pending'),
('ad236f49-9a40-4e1f-86a8-36d940fa60a0', 'cb78d15c-5e24-4f31-8899-3af39a90d8a4', '4ba035d6-e3d6-4222-8fd7-6b5cfee442f1', '2025-03-12', '2025-03-13', 1980.79, 'confirmed'),
('a272485e-cdce-426c-b03e-e51388f1da7d', 'c853f4fb-ef25-47d7-8b0b-3276d6b75002', '4be2864d-de20-4089-952a-35e126bbc98f', '2025-07-15', '2025-07-24', 1224.32, 'confirmed'),
('f51a6b0b-4e99-4091-af92-c7506a685a59', '00a6a966-50f3-4fbd-80d4-7f355aa44e69', 'aa4cc6a7-0217-47e1-ba18-bbfec764b0a8', '2025-03-25', '2025-04-01', 250.27, 'pending'),
('aec4ebec-a20f-4eb5-9180-d6c89560ad41', 'e2b756bc-482a-419b-8032-fd7d44c00fc0', '9d0b3b0a-83dc-420f-9ccb-a4c17c6cd063', '2025-04-13', '2025-04-22', 1422.24, 'pending'),
('979fe9a0-4551-4cbd-a4af-289fbbbc14d0', 'e2b756bc-482a-419b-8032-fd7d44c00fc0', 'cdeeab98-df1e-4131-827b-ca7826e081df', '2025-03-28', '2025-04-05', 1654.95, 'confirmed'),
('0d1b57c4-20a6-427e-af06-5147fa6a8786', 'a52ffa8d-1da9-47eb-80db-1dedf8a63079', '08dc82f2-cded-4300-8c7d-0a48344d7e13', '2025-06-28', '2025-07-01', 656.71, 'pending'),
('9f1fbfc7-bec4-4a6d-9a6d-952430014013', 'e50c5475-022e-4461-ac49-a6f64100b41f', '57d5f53a-0dae-4ea6-aac9-55624fdbfabb', '2025-03-23', '2025-03-28', 1816.85, 'canceled'),
('1df24df2-f562-4cbd-878f-d278b30f9c90', '3d321f99-4201-4aaa-864d-0b5a7a2876a5', '5c95bf72-7d46-4360-86a4-62d2cb7650c4', '2025-07-18', '2025-07-28', 763.2, 'canceled'),
('0ef35096-f815-47a7-aaf6-6388d9c01721', '435a146d-c1ea-41fd-8d81-2ffb4f5283d4', '1b65a8c0-47f1-4c3e-a817-ff3e2903ff89', '2025-05-25', '2025-05-29', 1592.2, 'pending'),
('fe81adf7-9cda-4862-86dc-29766bb2af53', '217f83d7-eb34-4cc1-8772-fd608f063d9c', '4be2864d-de20-4089-952a-35e126bbc98f', '2025-06-26', '2025-07-02', 1475.97, 'confirmed'),
('a787ca10-98f9-4759-9746-3a13eb4e20af', '3d321f99-4201-4aaa-864d-0b5a7a2876a5', '57d5f53a-0dae-4ea6-aac9-55624fdbfabb', '2025-05-18', '2025-05-19', 1927.93, 'pending'),
('65084cc5-2871-4971-8144-f7715108dae2', '25f812f2-27cc-4211-a603-c7f36f858c17', 'e5210964-fabf-47d4-afc5-f8b7edf55470', '2025-04-27', '2025-05-05', 697.06, 'confirmed'),
('b642dc90-a5f4-4dfe-9827-a128225f95b5', '25f812f2-27cc-4211-a603-c7f36f858c17', '5ba501e2-567f-4b48-b9fd-01b2e9d8898a', '2025-06-11', '2025-06-16', 1919.9, 'confirmed'),
('ad0ee61b-715d-486c-8f18-6ffef15248e3', 'a9b25a46-c12a-4237-8b70-eab2b4dc79f8', 'f4e161b7-f13f-46d7-b327-65d648bf4f9c', '2025-08-12', '2025-08-16', 565.88, 'canceled'),
('9676af75-0b95-4b91-ab10-d250f30f4664', 'a52ffa8d-1da9-47eb-80db-1dedf8a63079', 'f2385b0c-f522-4d76-9e48-e26d5284b664', '2025-05-08', '2025-05-13', 611.13, 'pending'),
('664b47ac-7381-47ad-aed6-bd2459fa89de', 'cb78d15c-5e24-4f31-8899-3af39a90d8a4', 'ba68c772-1ecc-48a0-9205-d4f8d20a9389', '2025-03-25', '2025-04-03', 291.35, 'pending'),
('638522be-4a43-4c92-a29f-db595b4f1ae8', 'ebd1593c-0291-4638-a5fc-acf9df668ecb', '5ba501e2-567f-4b48-b9fd-01b2e9d8898a', '2025-06-03', '2025-06-11', 135.86, 'pending'),
('6d9a6823-3ec8-410a-acab-193151f3764e', '3d321f99-4201-4aaa-864d-0b5a7a2876a5', 'aa4cc6a7-0217-47e1-ba18-bbfec764b0a8', '2025-04-08', '2025-04-10', 1478.75, 'confirmed'),
('b2cfc3ac-4dde-472c-ba07-6af5e6d585f4', '5ff5cde0-5ce1-4c26-b4d4-65ea63cee5ef', '5c95bf72-7d46-4360-86a4-62d2cb7650c4', '2025-07-30', '2025-08-03', 1582.62, 'pending'),
('0c1f5ba4-5f40-4d9d-89ce-ddbafbed66b0', 'e2b756bc-482a-419b-8032-fd7d44c00fc0', 'e5210964-fabf-47d4-afc5-f8b7edf55470', '2025-03-16', '2025-03-18', 414.07, 'pending'),
('8817de4e-1cd5-49c8-89ca-6e7264d9e5f7', '1c77af79-f704-4e05-9963-5fbcde91662f', '1d549f8b-df53-4880-b148-ff9403ca210d', '2025-07-07', '2025-07-12', 1044.57, 'canceled'),
('8a4bc54f-3666-41ee-83cf-651c26370918', 'b9141af3-30f7-4347-9dc7-1ba551ea12a1', 'f2385b0c-f522-4d76-9e48-e26d5284b664', '2025-04-24', '2025-04-30', 1125.82, 'canceled'),
('30647a38-d70e-4e37-906e-790ee662fe13', 'bf4796af-97c5-4fcf-be5a-7b5bbb944d9b', 'f0107b93-3d49-4889-b823-4f98b03926a9', '2025-06-20', '2025-06-29', 736.06, 'canceled'),
('71e06dee-c09a-489f-8f88-02c81fb94b16', '25f812f2-27cc-4211-a603-c7f36f858c17', '9d560890-51eb-4ac8-8dde-ea545e53188c', '2025-03-30', '2025-04-07', 1939.62, 'canceled'),
('3365a9c7-4bb4-41d2-96db-84b3ef0287b1', '8bd215a1-9eab-431a-abca-5ff30707cbe7', '08dc82f2-cded-4300-8c7d-0a48344d7e13', '2025-07-25', '2025-07-26', 1226.82, 'confirmed'),
('ee8debfc-7130-4d67-a142-f0f7f93d3ebd', '5ff5cde0-5ce1-4c26-b4d4-65ea63cee5ef', 'd9b088bd-5aee-4f67-a208-053473cdaa9a', '2025-04-12', '2025-04-19', 581.19, 'canceled'),
('b60a5083-44f0-48e6-b479-a44718586dc7', 'e2b756bc-482a-419b-8032-fd7d44c00fc0', 'de6291ee-f332-442f-a102-46f5ed20139b', '2025-08-05', '2025-08-08', 899.11, 'confirmed'),
('d5b4d1a2-9b55-48d9-bedb-d0fa7b71766a', 'cb78d15c-5e24-4f31-8899-3af39a90d8a4', 'aa4cc6a7-0217-47e1-ba18-bbfec764b0a8', '2025-02-21', '2025-02-26', 1578.92, 'confirmed'),
('2d20bf14-81fd-477b-8667-b1020b0f79a6', '61516bd0-9c9a-4e75-8606-0fe9fb146d58', '187fd0f1-4056-47e5-92c1-ae512d1a7ade', '2025-05-19', '2025-05-27', 608.32, 'pending'),
('4d1196ae-a25c-428c-83b5-7f66f142b9f5', '8bd215a1-9eab-431a-abca-5ff30707cbe7', '57d5f53a-0dae-4ea6-aac9-55624fdbfabb', '2025-08-10', '2025-08-15', 375.99, 'canceled'),
('7a039358-3fa1-4826-b780-6d5bafe887f5', 'a52ffa8d-1da9-47eb-80db-1dedf8a63079', 'aa4cc6a7-0217-47e1-ba18-bbfec764b0a8', '2025-03-27', '2025-04-06', 625.12, 'pending'),
('d9ccdd12-214e-4a3c-ade2-1f50725e4b54', 'c4799577-1e9f-4c8b-84e0-c6ad9e3dfd0f', 'f2385b0c-f522-4d76-9e48-e26d5284b664', '2025-07-02', '2025-07-03', 364.78, 'confirmed'),
('d5c4c6ab-c71b-407d-94e3-759b37f110d2', 'e50c5475-022e-4461-ac49-a6f64100b41f', '1d549f8b-df53-4880-b148-ff9403ca210d', '2025-06-26', '2025-06-29', 1711.41, 'canceled'),
('1fd38fe2-a236-4615-a2bf-78e0ecd03516', '435a146d-c1ea-41fd-8d81-2ffb4f5283d4', '4ba035d6-e3d6-4222-8fd7-6b5cfee442f1', '2025-04-21', '2025-04-23', 777.7, 'confirmed'),
('1c04682c-6fe8-480f-81ba-374c8b813041', 'bf4796af-97c5-4fcf-be5a-7b5bbb944d9b', '187fd0f1-4056-47e5-92c1-ae512d1a7ade', '2025-07-11', '2025-07-16', 747.35, 'confirmed'),
('f6887091-3a08-40af-8ef7-37932ed1beb7', '5ff5cde0-5ce1-4c26-b4d4-65ea63cee5ef', 'e5210964-fabf-47d4-afc5-f8b7edf55470', '2025-07-12', '2025-07-13', 1178.71, 'pending'),
('e20fe8dd-793a-4ec9-8e49-0c6887e24c89', '61516bd0-9c9a-4e75-8606-0fe9fb146d58', '4be2864d-de20-4089-952a-35e126bbc98f', '2025-07-13', '2025-07-18', 700.54, 'pending'),
('1b00ab1b-bab2-4227-a7d4-d8fd7af14bdb', 'e2b756bc-482a-419b-8032-fd7d44c00fc0', 'f0107b93-3d49-4889-b823-4f98b03926a9', '2025-07-02', '2025-07-11', 540.0, 'pending'),
('14061c75-b671-492b-8635-0de361788073', '5ff5cde0-5ce1-4c26-b4d4-65ea63cee5ef', '9d0b3b0a-83dc-420f-9ccb-a4c17c6cd063', '2025-07-15', '2025-07-16', 743.5, 'canceled'),
('0bc5a48a-3821-41e5-974a-4d14010e6322', '435a146d-c1ea-41fd-8d81-2ffb4f5283d4', 'ba68c772-1ecc-48a0-9205-d4f8d20a9389', '2025-02-19', '2025-02-24', 1123.27, 'confirmed'),
('bf76af63-8677-4a4b-a0ca-8919c85d2d2f', '195e39ab-5f42-4b34-9094-d4eb3f1bc887', 'd9b088bd-5aee-4f67-a208-053473cdaa9a', '2025-04-17', '2025-04-27', 769.05, 'confirmed'),
('3e3bde12-0212-4a7a-a438-7c56bf941d54', '435a146d-c1ea-41fd-8d81-2ffb4f5283d4', '611661e1-638c-4dc7-86ad-59b8b5a26654', '2025-03-27', '2025-03-29', 251.24, 'canceled'),
('cc2cb98c-fc91-4549-bdf4-ec01a33b7a51', 'a9b25a46-c12a-4237-8b70-eab2b4dc79f8', '77d43b50-533a-433a-a701-8805f4c6774b', '2025-06-02', '2025-06-03', 569.87, 'confirmed'),
('24ed825d-7aae-4b3f-ac23-afbce0254258', 'cb78d15c-5e24-4f31-8899-3af39a90d8a4', 'ba68c772-1ecc-48a0-9205-d4f8d20a9389', '2025-07-02', '2025-07-04', 1250.07, 'pending'),
('d252898b-693a-4d95-a8e1-8ead8b03601d', '0f9a4cdc-6eed-41cf-970d-8dd48d4d3f06', 'd9b088bd-5aee-4f67-a208-053473cdaa9a', '2025-05-29', '2025-06-06', 1038.6, 'confirmed'),
('9a04e0c3-39db-490d-8392-1c44e1b021c4', '3ae05982-758a-4c61-94bd-f0ffd9347f3b', 'cdc40de8-e7f2-414e-87a3-afecf7f0e515', '2025-07-14', '2025-07-23', 1237.88, 'pending'),
('be023317-e8ae-44ca-a2ee-3c015fb01412', '00a6a966-50f3-4fbd-80d4-7f355aa44e69', 'cdeeab98-df1e-4131-827b-ca7826e081df', '2025-04-16', '2025-04-19', 347.01, 'confirmed'),
('8ecd4767-6649-4163-8388-b3349e10ba06', 'b9141af3-30f7-4347-9dc7-1ba551ea12a1', 'cdeeab98-df1e-4131-827b-ca7826e081df', '2025-04-27', '2025-05-01', 667.83, 'confirmed'),
('ff8b6254-fced-4eac-9d11-29e4ee33e5e0', '3d321f99-4201-4aaa-864d-0b5a7a2876a5', '187fd0f1-4056-47e5-92c1-ae512d1a7ade', '2025-07-11', '2025-07-12', 1591.59, 'canceled'),
('c3910587-8648-4c71-a882-18a1a55996a7', '1c77af79-f704-4e05-9963-5fbcde91662f', 'e5210964-fabf-47d4-afc5-f8b7edf55470', '2025-03-01', '2025-03-04', 192.76, 'canceled'),
('aa3c09bc-01ae-46bf-9175-e4892abf08ae', 'ebd1593c-0291-4638-a5fc-acf9df668ecb', '811f1e6c-9e2a-4681-bb4b-a58a7f8b13a5', '2025-02-27', '2025-02-28', 1552.18, 'canceled'),
('e46cbc50-bd27-440a-8485-5aa02e1f5b27', '61516bd0-9c9a-4e75-8606-0fe9fb146d58', 'f2385b0c-f522-4d76-9e48-e26d5284b664', '2025-08-04', '2025-08-12', 287.41, 'canceled'),
('23fa16d3-1989-4646-a9bb-8fc5cdd92674', 'a52ffa8d-1da9-47eb-80db-1dedf8a63079', 'de6291ee-f332-442f-a102-46f5ed20139b', '2025-07-27', '2025-08-01', 1577.25, 'confirmed'),
('fc8f23a5-36cd-4d23-8b41-89790196c7c8', '61516bd0-9c9a-4e75-8606-0fe9fb146d58', '611661e1-638c-4dc7-86ad-59b8b5a26654', '2025-02-16', '2025-02-23', 681.84, 'pending'),
('ec17e7d7-bf39-4853-9471-510abe374010', '0f9a4cdc-6eed-41cf-970d-8dd48d4d3f06', 'a6162715-dbd7-4b65-b5d1-fe22656443c9', '2025-07-14', '2025-07-19', 1539.27, 'pending'),
('9b725c6b-fcf6-487b-82a2-4d251ceadc0b', '7a125ffb-98d2-4009-945a-d11a17095bf8', '08dc82f2-cded-4300-8c7d-0a48344d7e13', '2025-04-06', '2025-04-16', 537.56, 'confirmed'),
('08cca012-794e-4d2b-a164-1fdf43889d56', 'bf4796af-97c5-4fcf-be5a-7b5bbb944d9b', '782037b1-8034-4aad-b728-d9923a5743d9', '2025-08-17', '2025-08-26', 1191.06, 'canceled'),
('30de239a-cf2a-4644-9676-c8c5cade2576', 'c853f4fb-ef25-47d7-8b0b-3276d6b75002', '5c95bf72-7d46-4360-86a4-62d2cb7650c4', '2025-02-19', '2025-02-27', 1648.51, 'confirmed'),
('c5ffe48d-6c52-45e2-856c-4641a0057f40', '3ae05982-758a-4c61-94bd-f0ffd9347f3b', 'f4e161b7-f13f-46d7-b327-65d648bf4f9c', '2025-05-21', '2025-05-27', 1842.3, 'pending'),
('9dd07471-ac55-4581-9d44-4d7a9a3cd985', '435a146d-c1ea-41fd-8d81-2ffb4f5283d4', 'aa4cc6a7-0217-47e1-ba18-bbfec764b0a8', '2025-07-28', '2025-08-06', 399.88, 'canceled'),
('2287e851-a175-4a1c-838a-558c3b5b973b', 'cb78d15c-5e24-4f31-8899-3af39a90d8a4', 'aa4cc6a7-0217-47e1-ba18-bbfec764b0a8', '2025-03-09', '2025-03-12', 720.5, 'canceled'),
('eef05929-9768-4d8e-9728-69ad935b89f9', '3d321f99-4201-4aaa-864d-0b5a7a2876a5', 'de6291ee-f332-442f-a102-46f5ed20139b', '2025-03-19', '2025-03-25', 1757.29, 'confirmed'),
('0f9f378e-2e3c-4367-aa20-eb9a0ed435a4', '7a125ffb-98d2-4009-945a-d11a17095bf8', 'c9c6768e-ae9f-495e-bcac-6ece86fe2b4a', '2025-07-18', '2025-07-22', 891.82, 'canceled'),
('a5dbd138-78bf-4e82-b858-8d2535b14e06', '8de4d38e-676e-429f-b38b-170bc3d292b4', 'e5210964-fabf-47d4-afc5-f8b7edf55470', '2025-04-17', '2025-04-18', 1345.62, 'confirmed'),
('60706f4a-0198-4ee7-8566-451bc3b36653', 'a52ffa8d-1da9-47eb-80db-1dedf8a63079', '90c35b58-ca5d-47d9-a763-3cb56fb45151', '2025-04-15', '2025-04-24', 297.01, 'canceled'),
('3643589c-1d67-4545-ac8e-b0ffcb3d45ba', 'a52ffa8d-1da9-47eb-80db-1dedf8a63079', 'aa4cc6a7-0217-47e1-ba18-bbfec764b0a8', '2025-03-27', '2025-04-03', 1973.25, 'pending'),
('428917e8-7a54-4c9f-906f-891f1d60452b', 'fcc59a2a-ff73-4dc8-9ada-ba73e311c2d4', 'cdc40de8-e7f2-414e-87a3-afecf7f0e515', '2025-08-17', '2025-08-26', 599.43, 'confirmed'),
('92ee958a-ff7e-41c8-920a-5092863e5f30', '7a125ffb-98d2-4009-945a-d11a17095bf8', 'cdc40de8-e7f2-414e-87a3-afecf7f0e515', '2025-03-26', '2025-03-28', 1985.2, 'canceled'),
('d85dc530-82cb-4119-a0c2-ef3e749f0906', 'ebd1593c-0291-4638-a5fc-acf9df668ecb', 'f2385b0c-f522-4d76-9e48-e26d5284b664', '2025-05-06', '2025-05-07', 1182.38, 'canceled'),
('b90ab57a-f346-4258-95c4-89db7a26d08c', '5ff5cde0-5ce1-4c26-b4d4-65ea63cee5ef', '782037b1-8034-4aad-b728-d9923a5743d9', '2025-04-26', '2025-05-04', 1355.08, 'confirmed'),
('431b4b14-7cea-413d-a64f-ddfa79a8dcee', '6153d65f-ec15-4f45-958c-660d14ccede9', 'e5210964-fabf-47d4-afc5-f8b7edf55470', '2025-03-27', '2025-03-31', 1636.85, 'canceled'),
('818e94c8-f62e-4c5c-8cbc-48702b5ae48e', 'a4b932ed-39c4-4263-91aa-c42c204319e8', 'cdc40de8-e7f2-414e-87a3-afecf7f0e515', '2025-03-17', '2025-03-23', 1511.69, 'pending'),
('2441957d-c72e-4080-a0b1-a74c0100cb47', '1c77af79-f704-4e05-9963-5fbcde91662f', '9d0b3b0a-83dc-420f-9ccb-a4c17c6cd063', '2025-04-22', '2025-05-02', 1191.19, 'confirmed'),
('79f17d65-74d8-4f25-8588-11872cfe63f1', 'a9b25a46-c12a-4237-8b70-eab2b4dc79f8', 'aa4cc6a7-0217-47e1-ba18-bbfec764b0a8', '2025-04-07', '2025-04-08', 1569.17, 'confirmed'),
('40d8278f-791e-42d0-83b1-8ba09b0c75da', '195e39ab-5f42-4b34-9094-d4eb3f1bc887', '5ba501e2-567f-4b48-b9fd-01b2e9d8898a', '2025-07-03', '2025-07-05', 599.04, 'confirmed'),
('df60ed5c-f3b2-4fed-8141-c2aa447e8aba', 'fcc59a2a-ff73-4dc8-9ada-ba73e311c2d4', '611661e1-638c-4dc7-86ad-59b8b5a26654', '2025-03-06', '2025-03-12', 1291.99, 'canceled'),
('fff0b0ab-715f-4c47-b96e-b1ac2de2416b', 'c4799577-1e9f-4c8b-84e0-c6ad9e3dfd0f', 'd9b088bd-5aee-4f67-a208-053473cdaa9a', '2025-04-19', '2025-04-23', 651.83, 'confirmed'),
('45a156fc-289b-480d-aec5-556a1081d2fb', '195e39ab-5f42-4b34-9094-d4eb3f1bc887', '1b65a8c0-47f1-4c3e-a817-ff3e2903ff89', '2025-06-11', '2025-06-20', 1812.18, 'confirmed'),
('b5a03b5d-ad48-4bea-beb4-473dbd784740', '8de4d38e-676e-429f-b38b-170bc3d292b4', '08dc82f2-cded-4300-8c7d-0a48344d7e13', '2025-03-26', '2025-03-27', 894.46, 'confirmed'),
('8e1b5955-e589-46d9-bc71-89800fa4f8c5', '0e99ead4-6378-4ef8-9385-41269dc58634', '9d0b3b0a-83dc-420f-9ccb-a4c17c6cd063', '2025-07-18', '2025-07-27', 1107.9, 'pending'),
('62c54206-a986-4e2f-b6c5-ac3330584df4', '195e39ab-5f42-4b34-9094-d4eb3f1bc887', 'e5210964-fabf-47d4-afc5-f8b7edf55470', '2025-03-10', '2025-03-20', 1131.78, 'pending'),
('d38dc9f2-b60e-4d83-a2b4-6fb89bb0a5ce', '8de4d38e-676e-429f-b38b-170bc3d292b4', '1b65a8c0-47f1-4c3e-a817-ff3e2903ff89', '2025-08-19', '2025-08-22', 278.59, 'pending'),
('c3b96759-bf92-495c-a841-491c19dec234', '435a146d-c1ea-41fd-8d81-2ffb4f5283d4', 'cdc40de8-e7f2-414e-87a3-afecf7f0e515', '2025-04-09', '2025-04-15', 1539.28, 'pending'),
('a3213e26-8cb1-4876-a531-ad845c62ad6e', 'b9141af3-30f7-4347-9dc7-1ba551ea12a1', '57d5f53a-0dae-4ea6-aac9-55624fdbfabb', '2025-04-04', '2025-04-09', 901.4, 'confirmed'),
('bcc4021d-f599-45b6-8175-ba43f2f87e54', 'b9141af3-30f7-4347-9dc7-1ba551ea12a1', 'e125bf6e-c277-43bd-b3f3-89c73508f6d0', '2025-06-12', '2025-06-22', 848.61, 'canceled'),
('99f62fda-4d11-410a-a815-c116a9b199f9', 'c853f4fb-ef25-47d7-8b0b-3276d6b75002', '187fd0f1-4056-47e5-92c1-ae512d1a7ade', '2025-03-21', '2025-03-29', 431.45, 'canceled'),
('f4eb7392-04fa-4144-b81a-e3329d8f1481', 'b9141af3-30f7-4347-9dc7-1ba551ea12a1', 'cdc40de8-e7f2-414e-87a3-afecf7f0e515', '2025-05-21', '2025-05-28', 616.7, 'canceled'),
('f5aaa5ff-2bc6-4cd4-9ac7-a4eeef5623d5', '7a125ffb-98d2-4009-945a-d11a17095bf8', '77d43b50-533a-433a-a701-8805f4c6774b', '2025-08-01', '2025-08-04', 985.58, 'confirmed'),
('ee20daaa-ac3d-4616-b5a2-21a290548147', 'a52ffa8d-1da9-47eb-80db-1dedf8a63079', '77d43b50-533a-433a-a701-8805f4c6774b', '2025-03-18', '2025-03-20', 981.1, 'pending'),
('40359847-61a6-4330-8171-cdbfcb06dc9c', 'fcc59a2a-ff73-4dc8-9ada-ba73e311c2d4', '4be2864d-de20-4089-952a-35e126bbc98f', '2025-08-15', '2025-08-22', 1012.23, 'confirmed'),
('e66d614c-f89f-4919-8d8a-25f8099543e2', 'b9141af3-30f7-4347-9dc7-1ba551ea12a1', '57d5f53a-0dae-4ea6-aac9-55624fdbfabb', '2025-07-28', '2025-07-30', 350.68, 'confirmed'),
('0a006e62-93be-4535-a9f9-78d992aff3fe', '8bd215a1-9eab-431a-abca-5ff30707cbe7', '08dc82f2-cded-4300-8c7d-0a48344d7e13', '2025-03-01', '2025-03-09', 611.4, 'pending'),
('0b66f3d5-c169-409b-9b44-d5e79cfbd1ab', '1c77af79-f704-4e05-9963-5fbcde91662f', 'cdeeab98-df1e-4131-827b-ca7826e081df', '2025-05-29', '2025-06-04', 1484.5, 'pending'),
('550c6f7d-da7e-42b0-8ee1-643887874a20', '0e99ead4-6378-4ef8-9385-41269dc58634', 'fe1ed123-2a89-472a-8fec-bb40f9913644', '2025-06-28', '2025-06-30', 1043.15, 'confirmed');


INSERT INTO Payment (payment_id, booking_id, amount, payment_method) VALUES
('97e455b0-7c4a-4933-afb2-f49a076a7cab', 'fec320c3-773b-4f98-a7e2-263d908e6a83', 1758.89, 'paypal'),
('3b260024-d07f-4324-b46a-18654888ee37', 'e9762be2-edff-4d0f-9972-9fdef7f7561a', 1734.09, 'credit_card'),
('8546ad1f-591a-406d-981d-7572f6296346', '8ca445ba-bcd3-4d8a-b223-b00bf66ba9e0', 278.85, 'credit_card'),
('74ef72c4-c19b-42f3-9389-23705b00332c', 'ad236f49-9a40-4e1f-86a8-36d940fa60a0', 1980.79, 'paypal'),
('37f9a897-c960-444a-bd03-b9196349fca2', 'a272485e-cdce-426c-b03e-e51388f1da7d', 1224.32, 'credit_card'),
('bb3b13e1-fb9b-4d8a-9797-053cdee9590a', '979fe9a0-4551-4cbd-a4af-289fbbbc14d0', 1654.95, 'stripe'),
('db5fcc4f-c9e3-4fc0-83ee-7de2ca9dd5a9', 'fe81adf7-9cda-4862-86dc-29766bb2af53', 1475.97, 'stripe'),
('e40c5a70-cb04-49a2-8007-9a421f8b9fa6', '65084cc5-2871-4971-8144-f7715108dae2', 697.06, 'paypal'),
('a6c77d29-be82-46b5-bc91-69701bb597e9', 'b642dc90-a5f4-4dfe-9827-a128225f95b5', 1919.9, 'credit_card'),
('3bbb9ebc-31c1-476a-8ec5-c5e2b3cfe147', '6d9a6823-3ec8-410a-acab-193151f3764e', 1478.75, 'paypal'),
('33d5b54e-61d9-456a-9a4c-15bf4a0d687a', '3365a9c7-4bb4-41d2-96db-84b3ef0287b1', 1226.82, 'paypal'),
('f2ec35d7-48f4-4e53-848a-1c4cca6fe9f2', 'b60a5083-44f0-48e6-b479-a44718586dc7', 899.11, 'stripe'),
('60c52ed1-34ec-4e2c-9d3c-4a65e1d6bedb', 'd5b4d1a2-9b55-48d9-bedb-d0fa7b71766a', 1578.92, 'stripe'),
('ec024da5-5697-45f3-a65a-3155987c6903', 'd9ccdd12-214e-4a3c-ade2-1f50725e4b54', 364.78, 'stripe'),
('8acf94d9-6b87-41eb-8ddf-d73401ae89bb', '1fd38fe2-a236-4615-a2bf-78e0ecd03516', 777.7, 'credit_card'),
('6a3e9bf6-b1f3-4ec4-8baf-88a4e61c0498', '1c04682c-6fe8-480f-81ba-374c8b813041', 747.35, 'paypal'),
('4b2851ab-bf03-4fd9-b9b9-2212430e087d', '0bc5a48a-3821-41e5-974a-4d14010e6322', 1123.27, 'credit_card'),
('f89cd8e5-f7ec-4aa7-a7a0-721badac634d', 'bf76af63-8677-4a4b-a0ca-8919c85d2d2f', 769.05, 'paypal'),
('0fd4a632-d881-4ad6-a5bc-38835fc15f3a', 'cc2cb98c-fc91-4549-bdf4-ec01a33b7a51', 569.87, 'paypal'),
('ad14be17-f843-48d3-ab96-d82a78713972', 'd252898b-693a-4d95-a8e1-8ead8b03601d', 1038.6, 'credit_card'),
('5c8587c2-6feb-4d4c-aa90-966ffbc416c9', 'be023317-e8ae-44ca-a2ee-3c015fb01412', 347.01, 'credit_card'),
('b0635e1a-c2a6-4668-b793-588dd9654b63', '8ecd4767-6649-4163-8388-b3349e10ba06', 667.83, 'credit_card'),
('2c1cb2e3-d741-4c97-b46a-192b56dfdc53', '23fa16d3-1989-4646-a9bb-8fc5cdd92674', 1577.25, 'credit_card'),
('bdff27a0-9ce3-4712-8c86-d195ec9e2057', '9b725c6b-fcf6-487b-82a2-4d251ceadc0b', 537.56, 'credit_card'),
('2038d9e3-819b-46ef-88c2-2780e52d06b3', '30de239a-cf2a-4644-9676-c8c5cade2576', 1648.51, 'paypal'),
('cbccfddb-3e00-4adb-92d2-bc5d22d4ae5f', 'eef05929-9768-4d8e-9728-69ad935b89f9', 1757.29, 'stripe'),
('8871ae34-586f-481c-a499-851c8b4a3675', 'a5dbd138-78bf-4e82-b858-8d2535b14e06', 1345.62, 'paypal'),
('19876a94-cdeb-4d22-aa23-10861dab8ac0', '428917e8-7a54-4c9f-906f-891f1d60452b', 599.43, 'paypal'),
('c890a308-94c8-4eeb-8a37-59a984e193df', 'b90ab57a-f346-4258-95c4-89db7a26d08c', 1355.08, 'stripe'),
('faa58e90-88ee-45ad-9041-110b15d37585', '2441957d-c72e-4080-a0b1-a74c0100cb47', 1191.19, 'paypal'),
('e980af82-79e2-4eba-905c-224b67781c28', '79f17d65-74d8-4f25-8588-11872cfe63f1', 1569.17, 'stripe'),
('f23fcedb-fa24-47b4-ba10-38b84fb8266a', '40d8278f-791e-42d0-83b1-8ba09b0c75da', 599.04, 'stripe'),
('025c9ffa-05d4-4cfe-a78f-f6875681123c', 'fff0b0ab-715f-4c47-b96e-b1ac2de2416b', 651.83, 'credit_card'),
('91ce3a60-24c6-4259-927b-197792fec9d5', '45a156fc-289b-480d-aec5-556a1081d2fb', 1812.18, 'paypal'),
('04837afc-bb68-4ba9-adca-a271bde25dbd', 'b5a03b5d-ad48-4bea-beb4-473dbd784740', 894.46, 'stripe'),
('3acdc855-7386-40b5-aea4-f3959508c61d', 'a3213e26-8cb1-4876-a531-ad845c62ad6e', 901.4, 'stripe'),
('1319bf1a-e852-4413-bf80-edd2f081a25e', 'f5aaa5ff-2bc6-4cd4-9ac7-a4eeef5623d5', 985.58, 'credit_card'),
('30d6f0cb-e311-4712-903d-59e969f1ebec', '40359847-61a6-4330-8171-cdbfcb06dc9c', 1012.23, 'credit_card'),
('eb0f9371-bef7-49dc-8f63-1dd9b3f3389d', 'e66d614c-f89f-4919-8d8a-25f8099543e2', 350.68, 'credit_card'),
('3216133f-5aec-47f9-ac78-d0f52c328d46', '550c6f7d-da7e-42b0-8ee1-643887874a20', 1043.15, 'paypal');

INSERT INTO Review (review_id, property_id, user_id, rating, comment) VALUES
('dfb79544-7173-455d-bcab-c7b74f4685b7', 'cb78d15c-5e24-4f31-8899-3af39a90d8a4', 'cdc40de8-e7f2-414e-87a3-afecf7f0e515', 3, 'Sample review with rating 3.'),
('fe4c35d2-ab5e-440a-8005-41547274c6b2', '6153d65f-ec15-4f45-958c-660d14ccede9', '90c35b58-ca5d-47d9-a763-3cb56fb45151', 3, 'Sample review with rating 3.'),
('5698f811-ea15-47dc-90b0-ecf9a939b32c', '61516bd0-9c9a-4e75-8606-0fe9fb146d58', '4ba035d6-e3d6-4222-8fd7-6b5cfee442f1', 1, 'Sample review with rating 1.'),
('3722e74e-f465-49c1-a357-0f23236f1563', '1c77af79-f704-4e05-9963-5fbcde91662f', 'e5210964-fabf-47d4-afc5-f8b7edf55470', 4, 'Sample review with rating 4.'),
('ff18ff97-7585-4791-b76b-258286f895d5', '8de4d38e-676e-429f-b38b-170bc3d292b4', 'cdeeab98-df1e-4131-827b-ca7826e081df', 3, 'Sample review with rating 3.'),
('d7b02b99-2e93-4603-9626-50ddbc305b8b', '0e99ead4-6378-4ef8-9385-41269dc58634', '90c35b58-ca5d-47d9-a763-3cb56fb45151', 1, 'Sample review with rating 1.'),
('b27f6534-42dd-4461-b29a-39d0c74dc8c9', '217f83d7-eb34-4cc1-8772-fd608f063d9c', '1d549f8b-df53-4880-b148-ff9403ca210d', 3, 'Sample review with rating 3.'),
('31d6cca6-4ee6-45f8-9738-7d2f71f4ff4f', '0f9a4cdc-6eed-41cf-970d-8dd48d4d3f06', '9d0b3b0a-83dc-420f-9ccb-a4c17c6cd063', 3, 'Sample review with rating 3.'),
('b1700181-52d6-4242-9e7b-f9a294ae9a7a', '00a6a966-50f3-4fbd-80d4-7f355aa44e69', 'cdeeab98-df1e-4131-827b-ca7826e081df', 3, 'Sample review with rating 3.'),
('c79c3422-6f4c-49f9-bb74-c8cadaa06dc2', '3d321f99-4201-4aaa-864d-0b5a7a2876a5', 'fe1ed123-2a89-472a-8fec-bb40f9913644', 2, 'Sample review with rating 2.'),
('db8c1b4c-c337-47df-91a7-e326cd297cd6', 'c4799577-1e9f-4c8b-84e0-c6ad9e3dfd0f', 'aa4cc6a7-0217-47e1-ba18-bbfec764b0a8', 2, 'Sample review with rating 2.'),
('72fbf5c6-f35e-4dbc-a636-5c30adc76fe7', '0f9a4cdc-6eed-41cf-970d-8dd48d4d3f06', '57d5f53a-0dae-4ea6-aac9-55624fdbfabb', 2, 'Sample review with rating 2.'),
('4977d129-d0a7-43bb-a540-38c964f59056', 'fcc59a2a-ff73-4dc8-9ada-ba73e311c2d4', 'cdc40de8-e7f2-414e-87a3-afecf7f0e515', 5, 'Sample review with rating 5.'),
('be7cc29b-12a6-41d3-aa54-c67bbccacb4d', '5ff5cde0-5ce1-4c26-b4d4-65ea63cee5ef', '77d43b50-533a-433a-a701-8805f4c6774b', 1, 'Sample review with rating 1.'),
('851f8edf-a850-496e-832e-26f75f43439e', '5ff5cde0-5ce1-4c26-b4d4-65ea63cee5ef', '811f1e6c-9e2a-4681-bb4b-a58a7f8b13a5', 5, 'Sample review with rating 5.'),
('e4b56e97-3f36-4d74-8a97-783cc612cb71', '195e39ab-5f42-4b34-9094-d4eb3f1bc887', 'de6291ee-f332-442f-a102-46f5ed20139b', 1, 'Sample review with rating 1.'),
('8df71e6b-b266-4864-a640-049ed458a015', 'a52ffa8d-1da9-47eb-80db-1dedf8a63079', '1d549f8b-df53-4880-b148-ff9403ca210d', 2, 'Sample review with rating 2.'),
('35572340-f6ff-4bfb-ab86-92b15c337598', '0f9a4cdc-6eed-41cf-970d-8dd48d4d3f06', '5ba501e2-567f-4b48-b9fd-01b2e9d8898a', 4, 'Sample review with rating 4.'),
('b1f4aa2c-b7c9-44e5-9b89-ee7e4e3e0ed9', '3ae05982-758a-4c61-94bd-f0ffd9347f3b', '611661e1-638c-4dc7-86ad-59b8b5a26654', 3, 'Sample review with rating 3.'),
('774b94a0-ed24-4e6e-a5c8-b66f1617dc40', '25f812f2-27cc-4211-a603-c7f36f858c17', '9d0b3b0a-83dc-420f-9ccb-a4c17c6cd063', 1, 'Sample review with rating 1.'),
('5bf967f8-eb6f-4705-80d8-219c4cd40db9', '6153d65f-ec15-4f45-958c-660d14ccede9', '611661e1-638c-4dc7-86ad-59b8b5a26654', 5, 'Sample review with rating 5.'),
('d54fc637-9d1c-495d-9ffc-f0ce4b93f24e', '5ff5cde0-5ce1-4c26-b4d4-65ea63cee5ef', 'e125bf6e-c277-43bd-b3f3-89c73508f6d0', 1, 'Sample review with rating 1.'),
('867abe2c-24a9-46b3-a894-0b08e7b3a9e0', '8de4d38e-676e-429f-b38b-170bc3d292b4', 'a6162715-dbd7-4b65-b5d1-fe22656443c9', 5, 'Sample review with rating 5.'),
('3676267e-ded5-496d-8613-993a8793a9ca', 'ebd1593c-0291-4638-a5fc-acf9df668ecb', '77d43b50-533a-433a-a701-8805f4c6774b', 5, 'Sample review with rating 5.'),
('9d412eb1-67e2-4f82-bbeb-50da849e9710', '0f9a4cdc-6eed-41cf-970d-8dd48d4d3f06', 'cdeeab98-df1e-4131-827b-ca7826e081df', 1, 'Sample review with rating 1.'),
('bd7faef8-0771-4bf6-8ef7-89ac193cb140', 'e2b756bc-482a-419b-8032-fd7d44c00fc0', 'fe1ed123-2a89-472a-8fec-bb40f9913644', 5, 'Sample review with rating 5.'),
('46d06608-cfed-4baf-80a3-4c9432f80d89', 'fcc59a2a-ff73-4dc8-9ada-ba73e311c2d4', 'f0107b93-3d49-4889-b823-4f98b03926a9', 4, 'Sample review with rating 4.'),
('1919ad90-ead6-4a6a-bb0e-dc52291a239b', '7a125ffb-98d2-4009-945a-d11a17095bf8', 'cdc40de8-e7f2-414e-87a3-afecf7f0e515', 2, 'Sample review with rating 2.'),
('bca0f207-91dc-441c-9ffd-0833d60796b7', 'c853f4fb-ef25-47d7-8b0b-3276d6b75002', 'a6162715-dbd7-4b65-b5d1-fe22656443c9', 2, 'Sample review with rating 2.'),
('c1ab72ce-163b-49ac-a29d-d03d7393315f', '0e99ead4-6378-4ef8-9385-41269dc58634', 'fe1ed123-2a89-472a-8fec-bb40f9913644', 5, 'Sample review with rating 5.'),
('3daf86e4-699e-4f66-a05c-518f7d294f22', '284235f9-074a-4386-aef9-ba7e5c5cef40', '1b65a8c0-47f1-4c3e-a817-ff3e2903ff89', 3, 'Sample review with rating 3.'),
('4beb64dd-5554-4ba4-a64a-28e0f5cd25e8', 'bf4796af-97c5-4fcf-be5a-7b5bbb944d9b', 'f2385b0c-f522-4d76-9e48-e26d5284b664', 5, 'Sample review with rating 5.'),
('33182da3-6704-4080-b923-bff58e68c76c', '0f9a4cdc-6eed-41cf-970d-8dd48d4d3f06', 'de6291ee-f332-442f-a102-46f5ed20139b', 1, 'Sample review with rating 1.'),
('e03208b7-5cae-48d8-a3ea-13c5d19f918a', '284235f9-074a-4386-aef9-ba7e5c5cef40', 'e5210964-fabf-47d4-afc5-f8b7edf55470', 1, 'Sample review with rating 1.'),
('c003c620-0b04-4b88-8bb4-af2e85b70cf7', 'c853f4fb-ef25-47d7-8b0b-3276d6b75002', '4be2864d-de20-4089-952a-35e126bbc98f', 5, 'Sample review with rating 5.'),
('ea0421b6-399e-4389-b6b7-904e726902ff', '3d321f99-4201-4aaa-864d-0b5a7a2876a5', 'd9b088bd-5aee-4f67-a208-053473cdaa9a', 1, 'Sample review with rating 1.'),
('6bf1c204-d4ce-4492-9a68-fa9ad30ad90d', '0e99ead4-6378-4ef8-9385-41269dc58634', 'fe1ed123-2a89-472a-8fec-bb40f9913644', 2, 'Sample review with rating 2.'),
('5fdb5107-b5e1-4bd0-91ce-4b82d7906fe1', 'a4b932ed-39c4-4263-91aa-c42c204319e8', '4be2864d-de20-4089-952a-35e126bbc98f', 1, 'Sample review with rating 1.'),
('e5605531-e3e1-4a34-b19b-e6c98bca1f27', 'fcc59a2a-ff73-4dc8-9ada-ba73e311c2d4', '1d549f8b-df53-4880-b148-ff9403ca210d', 1, 'Sample review with rating 1.'),
('0598a1bb-7a40-4b85-b50e-75b8fe8b3894', 'ebd1593c-0291-4638-a5fc-acf9df668ecb', 'cdc40de8-e7f2-414e-87a3-afecf7f0e515', 3, 'Sample review with rating 3.'),
('f813e8f7-8a79-44ea-81f4-9fcb8624debe', 'c853f4fb-ef25-47d7-8b0b-3276d6b75002', '811f1e6c-9e2a-4681-bb4b-a58a7f8b13a5', 2, 'Sample review with rating 2.'),
('fb317c6e-6435-49b3-b00a-f649f94d77d3', 'a9b25a46-c12a-4237-8b70-eab2b4dc79f8', '1b65a8c0-47f1-4c3e-a817-ff3e2903ff89', 1, 'Sample review with rating 1.'),
('229b9b99-1b64-4188-b909-dfc649c06c41', '1c77af79-f704-4e05-9963-5fbcde91662f', 'cdeeab98-df1e-4131-827b-ca7826e081df', 2, 'Sample review with rating 2.'),
('a4755955-a183-446f-921d-6efa66521d41', '8de4d38e-676e-429f-b38b-170bc3d292b4', 'cdc40de8-e7f2-414e-87a3-afecf7f0e515', 2, 'Sample review with rating 2.'),
('71151112-c6ba-451d-89c3-66255a07ab32', 'b9141af3-30f7-4347-9dc7-1ba551ea12a1', '77d43b50-533a-433a-a701-8805f4c6774b', 2, 'Sample review with rating 2.'),
('a0280d69-0d6d-4b04-a457-690712472595', '0f9a4cdc-6eed-41cf-970d-8dd48d4d3f06', 'a6162715-dbd7-4b65-b5d1-fe22656443c9', 4, 'Sample review with rating 4.'),
('f5d571da-bcef-4ed0-821b-a5a469d488ea', 'a9b25a46-c12a-4237-8b70-eab2b4dc79f8', '811f1e6c-9e2a-4681-bb4b-a58a7f8b13a5', 4, 'Sample review with rating 4.'),
('a727e5b5-b64b-4267-9aa1-2b4295cbc23f', 'a9b25a46-c12a-4237-8b70-eab2b4dc79f8', 'e5210964-fabf-47d4-afc5-f8b7edf55470', 1, 'Sample review with rating 1.'),
('f8700f0d-69d7-44ce-964a-44b68e7bc3f0', 'ebd1593c-0291-4638-a5fc-acf9df668ecb', 'e5210964-fabf-47d4-afc5-f8b7edf55470', 3, 'Sample review with rating 3.'),
('819c8630-573c-40b3-836e-e0fba526cbab', '284235f9-074a-4386-aef9-ba7e5c5cef40', 'e125bf6e-c277-43bd-b3f3-89c73508f6d0', 5, 'Sample review with rating 5.'),
('ba050768-7053-4fff-81eb-521950da429c', '7a125ffb-98d2-4009-945a-d11a17095bf8', '811f1e6c-9e2a-4681-bb4b-a58a7f8b13a5', 1, 'Sample review with rating 1.'),
('15cadc2a-598f-4af3-8122-5bb9afa5274a', '8bd215a1-9eab-431a-abca-5ff30707cbe7', '57d5f53a-0dae-4ea6-aac9-55624fdbfabb', 1, 'Sample review with rating 1.'),
('fbdc7373-b891-419f-8feb-a5e6be6309d1', '217f83d7-eb34-4cc1-8772-fd608f063d9c', 'de6291ee-f332-442f-a102-46f5ed20139b', 4, 'Sample review with rating 4.'),
('16868760-58a2-42e8-b639-dabd1cec6764', 'c853f4fb-ef25-47d7-8b0b-3276d6b75002', 'cdeeab98-df1e-4131-827b-ca7826e081df', 3, 'Sample review with rating 3.'),
('7426f50a-d285-418f-b048-dc9c7e712bf3', '0f9a4cdc-6eed-41cf-970d-8dd48d4d3f06', '5ba501e2-567f-4b48-b9fd-01b2e9d8898a', 2, 'Sample review with rating 2.'),
('68f61cc1-6968-461b-afcd-e16c5c16f854', '0f9a4cdc-6eed-41cf-970d-8dd48d4d3f06', '1d549f8b-df53-4880-b148-ff9403ca210d', 2, 'Sample review with rating 2.'),
('d876c528-f010-4b0f-ac9c-c6feb94ebb77', '7a125ffb-98d2-4009-945a-d11a17095bf8', '187fd0f1-4056-47e5-92c1-ae512d1a7ade', 5, 'Sample review with rating 5.'),
('8671ef66-d684-4ffb-8bb6-5d2464e15938', '61516bd0-9c9a-4e75-8606-0fe9fb146d58', 'c9c6768e-ae9f-495e-bcac-6ece86fe2b4a', 4, 'Sample review with rating 4.'),
('bb9f3426-d4d7-4d00-afba-c6bcd3c30316', 'b9141af3-30f7-4347-9dc7-1ba551ea12a1', '187fd0f1-4056-47e5-92c1-ae512d1a7ade', 4, 'Sample review with rating 4.'),
('6dbdebf5-735c-4e3a-9fbc-a4639112319f', 'fcc59a2a-ff73-4dc8-9ada-ba73e311c2d4', 'cdc40de8-e7f2-414e-87a3-afecf7f0e515', 2, 'Sample review with rating 2.'),
('cbce37b4-8034-460a-9663-635157486bec', '25f812f2-27cc-4211-a603-c7f36f858c17', '611661e1-638c-4dc7-86ad-59b8b5a26654', 5, 'Sample review with rating 5.'),
('cd57f92b-4826-4e2a-9097-d19366d4b72e', 'c853f4fb-ef25-47d7-8b0b-3276d6b75002', 'e125bf6e-c277-43bd-b3f3-89c73508f6d0', 4, 'Sample review with rating 4.'),
('e4cc2021-cfd4-4fce-9746-9c0275177ae2', '3ae05982-758a-4c61-94bd-f0ffd9347f3b', '9d0b3b0a-83dc-420f-9ccb-a4c17c6cd063', 5, 'Sample review with rating 5.'),
('d09d123d-2950-4f29-9f13-2bfaca7a04d5', '5ff5cde0-5ce1-4c26-b4d4-65ea63cee5ef', '811f1e6c-9e2a-4681-bb4b-a58a7f8b13a5', 5, 'Sample review with rating 5.'),
('08336d73-b6aa-409f-9362-4847fe537578', '0e99ead4-6378-4ef8-9385-41269dc58634', 'c9c6768e-ae9f-495e-bcac-6ece86fe2b4a', 1, 'Sample review with rating 1.'),
('8085ab91-989d-435f-ac47-a018c8913e5f', '3d321f99-4201-4aaa-864d-0b5a7a2876a5', 'c9c6768e-ae9f-495e-bcac-6ece86fe2b4a', 4, 'Sample review with rating 4.'),
('1c2f1126-273c-4328-9bcb-21086727009d', 'c4799577-1e9f-4c8b-84e0-c6ad9e3dfd0f', 'f2385b0c-f522-4d76-9e48-e26d5284b664', 2, 'Sample review with rating 2.'),
('a443f75d-e8c7-45b9-9e8a-5232f1e83a3c', '284235f9-074a-4386-aef9-ba7e5c5cef40', '4be2864d-de20-4089-952a-35e126bbc98f', 4, 'Sample review with rating 4.'),
('66d82ac4-fa58-41c2-bf2a-35bc99d70a78', '284235f9-074a-4386-aef9-ba7e5c5cef40', 'e125bf6e-c277-43bd-b3f3-89c73508f6d0', 1, 'Sample review with rating 1.'),
('d2eb75ce-5a71-4d45-9fac-12af79f81a59', '435a146d-c1ea-41fd-8d81-2ffb4f5283d4', 'f2385b0c-f522-4d76-9e48-e26d5284b664', 2, 'Sample review with rating 2.');

INSERT INTO Message (message_id, sender_id, recipient_id, message_body) VALUES
('aedcfc91-2c2c-4887-8a87-78cb08e5e31d', '08dc82f2-cded-4300-8c7d-0a48344d7e13', 'cc520313-3c01-4133-8976-884e052ebfda', 'Hello, is this property available?'),
('d84e3798-e070-43ff-a785-ad03349c0152', 'f0107b93-3d49-4889-b823-4f98b03926a9', '81093fad-03de-4d1f-9388-29ca885a54f0', 'Hello, is this property available?'),
('af37fde5-081d-4d95-b7b5-eeee25558ce8', '9d560890-51eb-4ac8-8dde-ea545e53188c', '4b82675d-eeda-4ec3-9af1-dd2bb9e08f82', 'Hello, is this property available?'),
('76813368-4d1e-4e8c-861b-8d98ea6068cf', '1b65a8c0-47f1-4c3e-a817-ff3e2903ff89', 'f4cb4b99-115f-46f6-8827-12b692389bb9', 'Hello, is this property available?'),
('5259d75b-066d-4229-8e00-368ee03ad1ae', 'cdc40de8-e7f2-414e-87a3-afecf7f0e515', '8ec980ae-494e-47ce-a6d7-bcbac19eac0d', 'Hello, is this property available?'),
('3613260c-34c5-4ce3-9935-65af2651860f', 'f4e161b7-f13f-46d7-b327-65d648bf4f9c', 'cb9aad3e-a952-47db-b446-440639bf88e2', 'Hello, is this property available?'),
('5f6c9980-0cde-480a-8203-7d70e14d494b', '9d560890-51eb-4ac8-8dde-ea545e53188c', '9515af46-2b4c-44e5-9bf7-74a07ae072a9', 'Hello, is this property available?'),
('60e206e1-a55a-4d18-ab73-efe1f5100215', 'c9c6768e-ae9f-495e-bcac-6ece86fe2b4a', '4d89d87e-61bb-47c9-901d-dabe86451bbf', 'Hello, is this property available?'),
('fed8b4ae-3749-4127-a21c-d24e6b2196f5', '9d0b3b0a-83dc-420f-9ccb-a4c17c6cd063', '718b2c96-ffb5-4313-baf0-db25fdc18ad0', 'Hello, is this property available?'),
('a98e0102-99c6-421a-aa87-0bb557e41095', '782037b1-8034-4aad-b728-d9923a5743d9', 'b2161af7-99f8-4f8c-bdd3-d8e8524af3d5', 'Hello, is this property available?'),
('008c5618-8255-419f-ad8e-1c1a1b2c5a70', '4be2864d-de20-4089-952a-35e126bbc98f', '245e9886-2ada-401a-9c2e-df50704a69ad', 'Hello, is this property available?'),
('7f87bd50-c36f-4ecc-9bd6-c5d894dff9d1', '9d0b3b0a-83dc-420f-9ccb-a4c17c6cd063', '08af1849-05b9-468f-88fd-8792aa12b84a', 'Hello, is this property available?'),
('f0d36f9f-48d3-4186-915a-33b004ff8859', '08dc82f2-cded-4300-8c7d-0a48344d7e13', 'd69a2193-a19c-4854-8fbf-0dd283c16186', 'Hello, is this property available?'),
('95f09b9c-eab5-4963-a7c0-43bd60bbaa29', 'de6291ee-f332-442f-a102-46f5ed20139b', 'f9f59aeb-3df7-4c69-96a6-299814c7554a', 'Hello, is this property available?'),
('d6edfb40-7ffe-4dcd-acd4-6b96dc2ae522', '5c95bf72-7d46-4360-86a4-62d2cb7650c4', 'cc520313-3c01-4133-8976-884e052ebfda', 'Hello, is this property available?'),
('801d429d-c9fa-4411-962e-57534fac56e2', 'de6291ee-f332-442f-a102-46f5ed20139b', '718b2c96-ffb5-4313-baf0-db25fdc18ad0', 'Hello, is this property available?'),
('04bddcc0-5f1f-4a34-94db-d80f674b239d', '811f1e6c-9e2a-4681-bb4b-a58a7f8b13a5', '9515af46-2b4c-44e5-9bf7-74a07ae072a9', 'Hello, is this property available?'),
('51742f2b-03e0-454a-ad77-30cda9e2cd24', '187fd0f1-4056-47e5-92c1-ae512d1a7ade', 'fc33f0ee-97da-4a06-9570-1cec98c5ff8f', 'Hello, is this property available?'),
('c4943fd8-b086-4253-99db-ef1edfd8bf91', '782037b1-8034-4aad-b728-d9923a5743d9', '513ae633-4ebe-44cf-9eac-a74ec2c2b9ed', 'Hello, is this property available?'),
('013376cb-b6ad-4a16-a76e-efce276c0975', 'e125bf6e-c277-43bd-b3f3-89c73508f6d0', 'd1900ff1-64d9-4831-95b9-2e68581b18e3', 'Hello, is this property available?'),
('91e76479-ebdf-4d06-9b9e-5366d03c27d9', 'e125bf6e-c277-43bd-b3f3-89c73508f6d0', 'e6cbc550-9876-4595-a2c5-a0c467a13ba6', 'Hello, is this property available?'),
('ee982b0c-5921-427d-b33f-828b0efd3a26', 'ba68c772-1ecc-48a0-9205-d4f8d20a9389', 'd1900ff1-64d9-4831-95b9-2e68581b18e3', 'Hello, is this property available?'),
('b1226e66-feb0-4ed2-9a10-7bb9d5096763', 'a6162715-dbd7-4b65-b5d1-fe22656443c9', 'cb9aad3e-a952-47db-b446-440639bf88e2', 'Hello, is this property available?'),
('db53a5c8-5068-42e4-a3cd-5150af52821b', '77d43b50-533a-433a-a701-8805f4c6774b', '340684c3-822f-4b80-bafa-bf525c00df69', 'Hello, is this property available?'),
('c3e26b98-436e-4c8c-86ac-6cc52f1c8b5e', '611661e1-638c-4dc7-86ad-59b8b5a26654', '4b82675d-eeda-4ec3-9af1-dd2bb9e08f82', 'Hello, is this property available?'),
('42f8b167-c076-41bf-a305-ea63d4e7588c', 'c9c6768e-ae9f-495e-bcac-6ece86fe2b4a', '340684c3-822f-4b80-bafa-bf525c00df69', 'Hello, is this property available?'),
('9e5c2e0e-ae51-402d-854a-aaf3c886f734', 'f2385b0c-f522-4d76-9e48-e26d5284b664', '245e9886-2ada-401a-9c2e-df50704a69ad', 'Hello, is this property available?'),
('8636fe99-5902-47b0-8330-7559e42c8c25', 'e125bf6e-c277-43bd-b3f3-89c73508f6d0', 'ec585206-4686-4b20-9196-6c41213cf2ba', 'Hello, is this property available?'),
('bb9ad9b9-b28a-4848-868b-25ebd14daaf9', 'a6162715-dbd7-4b65-b5d1-fe22656443c9', '4cc43a43-f351-4aba-9b16-6c094a3e08f7', 'Hello, is this property available?'),
('e6751ef5-73a5-4ba9-a751-5f380b851bc4', '9d560890-51eb-4ac8-8dde-ea545e53188c', 'f4cb4b99-115f-46f6-8827-12b692389bb9', 'Hello, is this property available?'),
('9ca2b060-4567-4470-98b4-9028d7ef154c', 'cdc40de8-e7f2-414e-87a3-afecf7f0e515', '39082107-9d10-4886-8f6f-136a389abca7', 'Hello, is this property available?'),
('129e4b62-db7a-4c77-8594-8dfa10792714', 'aa4cc6a7-0217-47e1-ba18-bbfec764b0a8', '9515af46-2b4c-44e5-9bf7-74a07ae072a9', 'Hello, is this property available?'),
('7abe5488-07f7-4407-ac5f-5233d2d7981e', '187fd0f1-4056-47e5-92c1-ae512d1a7ade', '1cc313b1-cc22-41c8-b336-2b7cb8204a6b', 'Hello, is this property available?'),
('1d016750-4f7f-4844-aec5-5ca00900d144', '9d560890-51eb-4ac8-8dde-ea545e53188c', '1cc313b1-cc22-41c8-b336-2b7cb8204a6b', 'Hello, is this property available?'),
('4e84f533-254a-4fa7-a3b0-9f1cd30bb0fd', 'e5210964-fabf-47d4-afc5-f8b7edf55470', 'd69a2193-a19c-4854-8fbf-0dd283c16186', 'Hello, is this property available?'),
('fc59cfbc-282e-4fc5-87ae-cda56e9c4fe8', 'e125bf6e-c277-43bd-b3f3-89c73508f6d0', '39082107-9d10-4886-8f6f-136a389abca7', 'Hello, is this property available?'),
('c4d22514-d28c-4213-98bf-9ae1ed5062bd', 'f0107b93-3d49-4889-b823-4f98b03926a9', 'c552719f-961b-44dc-b60a-c77732e34e8a', 'Hello, is this property available?'),
('99f67629-068a-46d6-809f-1ce4b017445b', 'f4e161b7-f13f-46d7-b327-65d648bf4f9c', '43d9272f-321f-43d0-a70d-2c55183276a5', 'Hello, is this property available?'),
('8bc012db-34e4-44d5-b0ad-58e2663d05d9', '4ba035d6-e3d6-4222-8fd7-6b5cfee442f1', 'cb9aad3e-a952-47db-b446-440639bf88e2', 'Hello, is this property available?'),
('125a0bce-948c-4d81-8f39-11a7cdbe800c', '9d0b3b0a-83dc-420f-9ccb-a4c17c6cd063', '4b82675d-eeda-4ec3-9af1-dd2bb9e08f82', 'Hello, is this property available?'),
('ee3e419e-7719-4189-a1b9-3bc19b296808', '9d0b3b0a-83dc-420f-9ccb-a4c17c6cd063', '81093fad-03de-4d1f-9388-29ca885a54f0', 'Hello, is this property available?'),
('e4f88365-542a-4d73-a823-f78293bac484', '57d5f53a-0dae-4ea6-aac9-55624fdbfabb', 'cb9aad3e-a952-47db-b446-440639bf88e2', 'Hello, is this property available?'),
('a530798e-278e-496f-a1a5-c0424f5fd19b', 'cdeeab98-df1e-4131-827b-ca7826e081df', 'c552719f-961b-44dc-b60a-c77732e34e8a', 'Hello, is this property available?'),
('afb2eab1-51f3-436b-88e3-e7f2f92510cd', 'f2385b0c-f522-4d76-9e48-e26d5284b664', 'fc33f0ee-97da-4a06-9570-1cec98c5ff8f', 'Hello, is this property available?'),
('5ac2dc30-4f97-4db8-bc28-02a4e2a1302d', '611661e1-638c-4dc7-86ad-59b8b5a26654', '8ec980ae-494e-47ce-a6d7-bcbac19eac0d', 'Hello, is this property available?'),
('f7a8c4c7-a49f-4940-8c46-230112bd6f56', '5ba501e2-567f-4b48-b9fd-01b2e9d8898a', 'cb9aad3e-a952-47db-b446-440639bf88e2', 'Hello, is this property available?'),
('0f56edab-f154-413d-90e7-bca8695f88ed', 'f4e161b7-f13f-46d7-b327-65d648bf4f9c', 'bcfb92a5-2d3d-4ddb-83e2-ade8c5645c8a', 'Hello, is this property available?'),
('261963ae-7dc8-4824-98eb-5edf81d0cf64', '811f1e6c-9e2a-4681-bb4b-a58a7f8b13a5', '81093fad-03de-4d1f-9388-29ca885a54f0', 'Hello, is this property available?'),
('fb1a8c67-2bcd-472d-92a0-cca6fd0daa3d', 'e5210964-fabf-47d4-afc5-f8b7edf55470', '4c6a8bbb-4976-4b53-9074-b40455090d60', 'Hello, is this property available?'),
('d08f404e-8151-47c1-bfe8-453ed3f27d1b', 'ba68c772-1ecc-48a0-9205-d4f8d20a9389', '9515af46-2b4c-44e5-9bf7-74a07ae072a9', 'Hello, is this property available?'),
('2934ded6-6676-440e-8a06-207cb4fb244b', '9d560890-51eb-4ac8-8dde-ea545e53188c', '513ae633-4ebe-44cf-9eac-a74ec2c2b9ed', 'Hello, is this property available?'),
('2c4b75d5-fae2-4d0b-920b-65538335fcb5', 'aa4cc6a7-0217-47e1-ba18-bbfec764b0a8', 'd69a2193-a19c-4854-8fbf-0dd283c16186', 'Hello, is this property available?'),
('64842c1e-00f6-47fe-b2cd-90871b3166bc', '5ba501e2-567f-4b48-b9fd-01b2e9d8898a', '718b2c96-ffb5-4313-baf0-db25fdc18ad0', 'Hello, is this property available?'),
('da633939-cf2e-4031-a6f4-24832de7fe77', '9d560890-51eb-4ac8-8dde-ea545e53188c', '718b2c96-ffb5-4313-baf0-db25fdc18ad0', 'Hello, is this property available?'),
('0e4c1323-d67f-4e47-8315-2064380d0fe6', 'c9c6768e-ae9f-495e-bcac-6ece86fe2b4a', 'c552719f-961b-44dc-b60a-c77732e34e8a', 'Hello, is this property available?'),
('172938ed-8f12-43fd-a9b7-791fccb30e4a', '9d0b3b0a-83dc-420f-9ccb-a4c17c6cd063', 'ec585206-4686-4b20-9196-6c41213cf2ba', 'Hello, is this property available?'),
('c692909f-582a-4c7a-a6e1-866c6fdbf424', '187fd0f1-4056-47e5-92c1-ae512d1a7ade', 'cb9aad3e-a952-47db-b446-440639bf88e2', 'Hello, is this property available?'),
('d1f89a50-d598-4aa0-a1d6-3ada5d2c3d76', 'f0107b93-3d49-4889-b823-4f98b03926a9', 'fc33f0ee-97da-4a06-9570-1cec98c5ff8f', 'Hello, is this property available?'),
('6c3856fc-2824-46e3-a059-f0996b76bfd3', '5c95bf72-7d46-4360-86a4-62d2cb7650c4', '81093fad-03de-4d1f-9388-29ca885a54f0', 'Hello, is this property available?'),
('819e6893-c633-4c55-8697-8fdf1a7cd2d1', '08dc82f2-cded-4300-8c7d-0a48344d7e13', 'cc520313-3c01-4133-8976-884e052ebfda', 'Hello, is this property available?'),
('ec41a543-f48d-444b-a4f5-86a8ab2cd2ee', 'cdeeab98-df1e-4131-827b-ca7826e081df', '81093fad-03de-4d1f-9388-29ca885a54f0', 'Hello, is this property available?'),
('691a6f93-1d98-4b95-9af3-91b39cb8053f', '1b65a8c0-47f1-4c3e-a817-ff3e2903ff89', 'b2161af7-99f8-4f8c-bdd3-d8e8524af3d5', 'Hello, is this property available?'),
('1110ea35-4333-47af-9c35-7550d6ff6acd', '90c35b58-ca5d-47d9-a763-3cb56fb45151', 'f3ec588e-a25a-45eb-b791-865e0e6f5b81', 'Hello, is this property available?'),
('be213b30-1359-49f7-b60c-4d96d3196778', 'cdc40de8-e7f2-414e-87a3-afecf7f0e515', 'b2161af7-99f8-4f8c-bdd3-d8e8524af3d5', 'Hello, is this property available?'),
('f0cc6e73-3f3c-42ac-8e4e-7ecf291953d3', 'cdc40de8-e7f2-414e-87a3-afecf7f0e515', '245e9886-2ada-401a-9c2e-df50704a69ad', 'Hello, is this property available?'),
('dc142cbe-b0d5-488d-9c94-e0d2d7988405', 'a6162715-dbd7-4b65-b5d1-fe22656443c9', '39082107-9d10-4886-8f6f-136a389abca7', 'Hello, is this property available?'),
('85caec80-8007-4aef-b3a0-72e55aff0939', '1d549f8b-df53-4880-b148-ff9403ca210d', '245e9886-2ada-401a-9c2e-df50704a69ad', 'Hello, is this property available?'),
('940d92c9-c62a-4ab2-899c-1c0a33e0edc2', '90c35b58-ca5d-47d9-a763-3cb56fb45151', '39082107-9d10-4886-8f6f-136a389abca7', 'Hello, is this property available?'),
('0192786d-ee4e-45f9-88d8-b1f06d59ec1d', 'c9c6768e-ae9f-495e-bcac-6ece86fe2b4a', '718b2c96-ffb5-4313-baf0-db25fdc18ad0', 'Hello, is this property available?'),
('6b7f2e8e-c1cc-415d-af20-59493ad211a8', 'd9b088bd-5aee-4f67-a208-053473cdaa9a', 'd1900ff1-64d9-4831-95b9-2e68581b18e3', 'Hello, is this property available?'),
('6d466acb-c9f2-4bd1-89e9-2ff1bcf19f7b', 'cdc40de8-e7f2-414e-87a3-afecf7f0e515', '466dd750-9209-4f6f-8ea3-1f376f18785e', 'Hello, is this property available?'),
('34f7ddca-52b4-453d-a4d4-46c910960ab1', '1b65a8c0-47f1-4c3e-a817-ff3e2903ff89', '4c6a8bbb-4976-4b53-9074-b40455090d60', 'Hello, is this property available?'),
('ea64326d-9328-448b-9534-2845623598cc', '811f1e6c-9e2a-4681-bb4b-a58a7f8b13a5', '81093fad-03de-4d1f-9388-29ca885a54f0', 'Hello, is this property available?'),
('4288d50b-9398-4502-bf0c-c3c4c515e1cb', 'f4e161b7-f13f-46d7-b327-65d648bf4f9c', 'cb9aad3e-a952-47db-b446-440639bf88e2', 'Hello, is this property available?'),
('c81deafa-d506-471b-95b2-bc8356b969b0', '4ba035d6-e3d6-4222-8fd7-6b5cfee442f1', '466dd750-9209-4f6f-8ea3-1f376f18785e', 'Hello, is this property available?'),
('9e8868b7-0195-4add-a74f-be9f196598ec', '9d560890-51eb-4ac8-8dde-ea545e53188c', 'bcfb92a5-2d3d-4ddb-83e2-ade8c5645c8a', 'Hello, is this property available?'),
('f0fad34a-23e4-4a92-bd81-8303d0f239a8', 'cdeeab98-df1e-4131-827b-ca7826e081df', '08af1849-05b9-468f-88fd-8792aa12b84a', 'Hello, is this property available?'),
('c6ec0759-3b50-4490-9e37-5470eef043fd', 'f0107b93-3d49-4889-b823-4f98b03926a9', '43d9272f-321f-43d0-a70d-2c55183276a5', 'Hello, is this property available?'),
('875b3002-c300-429b-9a21-bb0b1f41b7a8', '811f1e6c-9e2a-4681-bb4b-a58a7f8b13a5', '08af1849-05b9-468f-88fd-8792aa12b84a', 'Hello, is this property available?'),
('08a2f451-95bf-4878-ae15-cfb7e8e8e9f2', '1b65a8c0-47f1-4c3e-a817-ff3e2903ff89', 'f4cb4b99-115f-46f6-8827-12b692389bb9', 'Hello, is this property available?'),
('4c2cbcbe-d5a5-48a5-9f53-72ce0419437c', 'aa4cc6a7-0217-47e1-ba18-bbfec764b0a8', '513ae633-4ebe-44cf-9eac-a74ec2c2b9ed', 'Hello, is this property available?'),
('18fb8b34-e4d6-4a6f-b40b-27cda13bf76e', '611661e1-638c-4dc7-86ad-59b8b5a26654', '4c6a8bbb-4976-4b53-9074-b40455090d60', 'Hello, is this property available?'),
('5e768409-479f-4bbf-96f9-198090152253', 'a6162715-dbd7-4b65-b5d1-fe22656443c9', '39082107-9d10-4886-8f6f-136a389abca7', 'Hello, is this property available?'),
('6dc15a64-e1e7-4851-80ac-72435bc2ecec', 'aa4cc6a7-0217-47e1-ba18-bbfec764b0a8', '513ae633-4ebe-44cf-9eac-a74ec2c2b9ed', 'Hello, is this property available?'),
('91bd1f4d-3ec5-4fb0-88eb-b2b8d33221c8', '782037b1-8034-4aad-b728-d9923a5743d9', 'f9f59aeb-3df7-4c69-96a6-299814c7554a', 'Hello, is this property available?'),
('2b12fc9a-7daf-4601-8556-ccd63792a3e6', '4be2864d-de20-4089-952a-35e126bbc98f', 'f9f59aeb-3df7-4c69-96a6-299814c7554a', 'Hello, is this property available?'),
('46ff873d-c876-4c99-8ad4-df0f3019345f', '77d43b50-533a-433a-a701-8805f4c6774b', 'c552719f-961b-44dc-b60a-c77732e34e8a', 'Hello, is this property available?'),
('b4563256-ee2e-457f-a1a4-e33df3da64fb', '57d5f53a-0dae-4ea6-aac9-55624fdbfabb', 'd1900ff1-64d9-4831-95b9-2e68581b18e3', 'Hello, is this property available?'),
('0d0c2d77-a465-4846-ae2d-4d9a0bb46ab9', 'c9c6768e-ae9f-495e-bcac-6ece86fe2b4a', '43d9272f-321f-43d0-a70d-2c55183276a5', 'Hello, is this property available?'),
('a1ddc79d-4dbd-4c25-99f3-18241b2aa3ab', '5c95bf72-7d46-4360-86a4-62d2cb7650c4', 'b2161af7-99f8-4f8c-bdd3-d8e8524af3d5', 'Hello, is this property available?'),
('c6d55122-7545-4856-9202-1aaf748f8e07', 'de6291ee-f332-442f-a102-46f5ed20139b', '466dd750-9209-4f6f-8ea3-1f376f18785e', 'Hello, is this property available?'),
('dd351327-d943-44b3-a809-b907e2ebb190', '9d0b3b0a-83dc-420f-9ccb-a4c17c6cd063', '81093fad-03de-4d1f-9388-29ca885a54f0', 'Hello, is this property available?'),
('15168ce8-2273-4470-8354-4d688bc287ea', '811f1e6c-9e2a-4681-bb4b-a58a7f8b13a5', '9515af46-2b4c-44e5-9bf7-74a07ae072a9', 'Hello, is this property available?'),
('663dc5e1-c9ee-4853-a309-c0cb64c0031b', '90c35b58-ca5d-47d9-a763-3cb56fb45151', 'cc520313-3c01-4133-8976-884e052ebfda', 'Hello, is this property available?'),
('574c7555-042a-433b-8426-335c34c42059', 'fe1ed123-2a89-472a-8fec-bb40f9913644', '4cc43a43-f351-4aba-9b16-6c094a3e08f7', 'Hello, is this property available?'),
('74a4d152-5ae1-448b-85a5-749b318a65f5', '4be2864d-de20-4089-952a-35e126bbc98f', '4c6a8bbb-4976-4b53-9074-b40455090d60', 'Hello, is this property available?'),
('083bbd0e-f6a9-4c89-9131-a5f7c96e04d2', '1d549f8b-df53-4880-b148-ff9403ca210d', 'c1b17457-a1e1-4714-903b-bbcd653f323f', 'Hello, is this property available?'),
('3f31498e-9b07-4325-aadc-c84692a68707', '9d0b3b0a-83dc-420f-9ccb-a4c17c6cd063', '4b82675d-eeda-4ec3-9af1-dd2bb9e08f82', 'Hello, is this property available?'),
('09c3b322-1b09-4075-a216-086c118949a0', '57d5f53a-0dae-4ea6-aac9-55624fdbfabb', '4b82675d-eeda-4ec3-9af1-dd2bb9e08f82', 'Hello, is this property available?'),
('0819bd3c-28b7-45c7-9192-44048afdbe42', '4be2864d-de20-4089-952a-35e126bbc98f', 'c552719f-961b-44dc-b60a-c77732e34e8a', 'Hello, is this property available?');
